Instance,GraphNodes,GraphEdges,Algo,Strategy,OptimumSize,CliqueFound,Time_ms,Gap
C1000.9,1000,450079,N1_Greedy,First,68,44,0,24
C1000.9,1000,450079,N1_Greedy,Last,68,46,2,22
C1000.9,1000,450079,N1_Greedy,Random,68,46,1,22
C1000.9,1000,450079,Ruin_Recreate,First,68,44,19,24
C1000.9,1000,450079,Ruin_Recreate,Random,68,50,28,18
C1000.9,1000,450079,Ruin_Recreate,Last,68,46,35,22
C1000.9,1000,450079,N2_Pair_Fallback,Last,68,61,757,7
C1000.9,1000,450079,N2_Pair_Fallback,Max residual degree,68,60,1113,8
C1000.9,1000,450079,N2_Pair_Fallback,Random,68,61,1190,7
C1000.9,1000,450079,N2_Pair_Fallback,First,68,61,1372,7
C1000.9,1000,450079,N1_Greedy,Max residual degree,68,61,1386,7
C1000.9,1000,450079,Ruin_Recreate,Max residual degree,68,61,1405,7
C1000.9,1000,450079,N3_Triple,First,68,59,42055,9
C1000.9,1000,450079,N3_Triple,Random,68,59,42283,9
C1000.9,1000,450079,N3_Triple,Max residual degree,68,59,42367,9
C1000.9,1000,450079,N3_Triple,Last,68,59,42422,9
C125.9,125,6963,N1_Greedy,First,34,26,0,8
C125.9,125,6963,Ruin_Recreate,First,34,26,0,8
C125.9,125,6963,N1_Greedy,Last,34,24,0,10
C125.9,125,6963,N1_Greedy,Random,34,25,0,9
C125.9,125,6963,Ruin_Recreate,Random,34,30,0,4
C125.9,125,6963,Ruin_Recreate,Last,34,24,2,10
C125.9,125,6963,N2_Pair_Fallback,Last,34,31,19,3
C125.9,125,6963,N2_Pair_Fallback,First,34,31,24,3
C125.9,125,6963,N2_Pair_Fallback,Random,34,31,25,3
C125.9,125,6963,N1_Greedy,Max residual degree,34,30,26,4
C125.9,125,6963,N2_Pair_Fallback,Max residual degree,34,30,24,4
C125.9,125,6963,Ruin_Recreate,Max residual degree,34,32,37,2
C125.9,125,6963,N3_Triple,Last,34,31,105,3
C125.9,125,6963,N3_Triple,Random,34,31,114,3
C125.9,125,6963,N3_Triple,First,34,31,116,3
C125.9,125,6963,N3_Triple,Max residual degree,34,31,122,3
C2000.5,2000,999836,N1_Greedy,Last,16,10,0,6
C2000.5,2000,999836,N1_Greedy,First,16,11,1,5
C2000.5,2000,999836,N1_Greedy,Random,16,12,0,4
C2000.5,2000,999836,Ruin_Recreate,Last,16,10,8,6
C2000.5,2000,999836,Ruin_Recreate,First,16,11,12,5
C2000.5,2000,999836,Ruin_Recreate,Random,16,12,10,4
C2000.5,2000,999836,Ruin_Recreate,Max residual degree,16,13,1052,3
C2000.5,2000,999836,N2_Pair_Fallback,Last,16,13,1195,3
C2000.5,2000,999836,N2_Pair_Fallback,Max residual degree,16,12,1208,4
C2000.5,2000,999836,N2_Pair_Fallback,Random,16,13,1241,3
C2000.5,2000,999836,N1_Greedy,Max residual degree,16,12,1345,4
C2000.5,2000,999836,N2_Pair_Fallback,First,16,13,1409,3
C2000.5,2000,999836,N3_Triple,Last,16,12,75001,4
C2000.5,2000,999836,N3_Triple,First,16,12,75080,4
C2000.5,2000,999836,N3_Triple,Max residual degree,16,12,75258,4
C2000.5,2000,999836,N3_Triple,Random,16,12,75553,4
C2000.9,2000,1799532,N1_Greedy,Last,78,49,1,29
C2000.9,2000,1799532,N1_Greedy,First,78,52,5,26
C2000.9,2000,1799532,N1_Greedy,Random,78,52,14,26
C2000.9,2000,1799532,Ruin_Recreate,First,78,52,33,26
C2000.9,2000,1799532,Ruin_Recreate,Last,78,49,60,29
C2000.9,2000,1799532,Ruin_Recreate,Random,78,55,92,23
C2000.9,2000,1799532,N2_Pair_Fallback,Random,78,70,4007,8
C2000.9,2000,1799532,N2_Pair_Fallback,Last,78,70,4008,8
C2000.9,2000,1799532,N2_Pair_Fallback,Max residual degree,78,70,4095,8
C2000.9,2000,1799532,N2_Pair_Fallback,First,78,70,4317,8
C2000.9,2000,1799532,N1_Greedy,Max residual degree,78,66,4778,12
C2000.9,2000,1799532,Ruin_Recreate,Max residual degree,78,68,5060,10
C2000.9,2000,1799532,N3_Triple,First,78,68,320202,10
C2000.9,2000,1799532,N3_Triple,Random,78,68,320496,10
C2000.9,2000,1799532,N3_Triple,Max residual degree,78,68,320511,10
C2000.9,2000,1799532,N3_Triple,Last,78,68,320549,10
C250.9,250,27984,N1_Greedy,First,44,30,0,14
C250.9,250,27984,N1_Greedy,Last,44,29,0,15
C250.9,250,27984,N1_Greedy,Random,44,29,3,15
C250.9,250,27984,Ruin_Recreate,Last,44,29,1,15
C250.9,250,27984,Ruin_Recreate,First,44,30,7,14
C250.9,250,27984,Ruin_Recreate,Random,44,37,8,7
C250.9,250,27984,N2_Pair_Fallback,Max residual degree,44,40,65,4
C250.9,250,27984,N2_Pair_Fallback,Last,44,41,88,3
C250.9,250,27984,N2_Pair_Fallback,First,44,41,117,3
C250.9,250,27984,N2_Pair_Fallback,Random,44,41,116,3
C250.9,250,27984,N1_Greedy,Max residual degree,44,41,131,3
C250.9,250,27984,Ruin_Recreate,Max residual degree,44,41,136,3
C250.9,250,27984,N3_Triple,First,44,39,724,5
C250.9,250,27984,N3_Triple,Last,44,39,743,5
C250.9,250,27984,N3_Triple,Max residual degree,44,39,792,5
C250.9,250,27984,N3_Triple,Random,44,39,793,5
C4000.5,4000,4000268,N1_Greedy,First,18,12,0,6
C4000.5,4000,4000268,N1_Greedy,Last,18,12,0,6
C4000.5,4000,4000268,N1_Greedy,Random,18,13,0,5
C4000.5,4000,4000268,Ruin_Recreate,Last,18,12,7,6
C4000.5,4000,4000268,Ruin_Recreate,First,18,12,19,6
C4000.5,4000,4000268,Ruin_Recreate,Random,18,13,18,5
C4000.5,4000,4000268,N2_Pair_Fallback,First,18,14,4824,4
C4000.5,4000,4000268,Ruin_Recreate,Max residual degree,18,14,4984,4
C4000.5,4000,4000268,N1_Greedy,Max residual degree,18,13,5058,5
C4000.5,4000,4000268,N2_Pair_Fallback,Random,18,14,5207,4
C4000.5,4000,4000268,N2_Pair_Fallback,Max residual degree,18,14,5438,4
C4000.5,4000,4000268,N2_Pair_Fallback,Last,18,14,5635,4
C4000.5,4000,4000268,N3_Triple,First,18,14,597668,4
C4000.5,4000,4000268,N3_Triple,Last,18,14,598000,4
C4000.5,4000,4000268,N3_Triple,Random,18,14,598465,4
C4000.5,4000,4000268,N3_Triple,Max residual degree,18,14,598641,4
C500.9,500,112332,N1_Greedy,First,57,33,0,24
C500.9,500,112332,N1_Greedy,Last,57,34,0,23
C500.9,500,112332,N1_Greedy,Random,57,38,1,19
C500.9,500,112332,Ruin_Recreate,First,57,33,4,24
C500.9,500,112332,Ruin_Recreate,Random,57,43,6,14
C500.9,500,112332,Ruin_Recreate,Last,57,34,14,23
C500.9,500,112332,Ruin_Recreate,Max residual degree,57,52,191,5
C500.9,500,112332,N2_Pair_Fallback,Last,57,49,241,8
C500.9,500,112332,N2_Pair_Fallback,First,57,49,315,8
C500.9,500,112332,N1_Greedy,Max residual degree,57,51,324,6
C500.9,500,112332,N2_Pair_Fallback,Random,57,49,333,8
C500.9,500,112332,N2_Pair_Fallback,Max residual degree,57,48,337,9
C500.9,500,112332,N3_Triple,Last,57,48,5787,9
C500.9,500,112332,N3_Triple,Max residual degree,57,48,5813,9
C500.9,500,112332,N3_Triple,Random,57,48,5816,9
C500.9,500,112332,N3_Triple,First,57,48,5833,9
MANN_a27,378,70551,N1_Greedy,First,126,27,0,99
MANN_a27,378,70551,N1_Greedy,Last,126,125,7,1
MANN_a27,378,70551,N1_Greedy,Random,126,120,5,6
MANN_a27,378,70551,Ruin_Recreate,First,126,27,7,99
MANN_a27,378,70551,Ruin_Recreate,Last,126,125,40,1
MANN_a27,378,70551,Ruin_Recreate,Random,126,119,70,7
MANN_a27,378,70551,N2_Pair_Fallback,Last,126,125,818,1
MANN_a27,378,70551,N2_Pair_Fallback,First,126,125,824,1
MANN_a27,378,70551,N2_Pair_Fallback,Random,126,125,835,1
MANN_a27,378,70551,N1_Greedy,Max residual degree,126,124,857,2
MANN_a27,378,70551,N2_Pair_Fallback,Max residual degree,126,124,989,2
MANN_a27,378,70551,Ruin_Recreate,Max residual degree,126,124,1635,2
MANN_a27,378,70551,N3_Triple,Random,126,125,14017,1
MANN_a27,378,70551,N3_Triple,First,126,125,14114,1
MANN_a27,378,70551,N3_Triple,Max residual degree,126,125,14155,1
MANN_a27,378,70551,N3_Triple,Last,126,125,14158,1
MANN_a45,1035,533115,N1_Greedy,First,344,45,5,299
MANN_a45,1035,533115,Ruin_Recreate,First,344,45,36,299
MANN_a45,1035,533115,N1_Greedy,Random,344,332,44,12
MANN_a45,1035,533115,N1_Greedy,Last,344,340,57,4
MANN_a45,1035,533115,Ruin_Recreate,Random,344,332,274,12
MANN_a45,1035,533115,Ruin_Recreate,Last,344,340,564,4
MANN_a45,1035,533115,N2_Pair_Fallback,Last,344,342,16361,2
MANN_a45,1035,533115,N2_Pair_Fallback,Max residual degree,344,342,16583,2
MANN_a45,1035,533115,N2_Pair_Fallback,Random,344,342,17053,2
MANN_a45,1035,533115,N2_Pair_Fallback,First,344,342,17792,2
MANN_a45,1035,533115,N1_Greedy,Max residual degree,344,341,19685,3
MANN_a45,1035,533115,Ruin_Recreate,Max residual degree,344,341,32722,3
MANN_a45,1035,533115,N3_Triple,Last,344,0,603432,-1
MANN_a45,1035,533115,N3_Triple,Max residual degree,344,0,603570,-1
MANN_a45,1035,533115,N3_Triple,Random,344,0,604223,-1
MANN_a45,1035,533115,N3_Triple,First,344,0,604273,-1
MANN_a81,3321,5506380,N1_Greedy,First,1100,81,26,1019
MANN_a81,3321,5506380,Ruin_Recreate,First,1100,81,290,1019
MANN_a81,3321,5506380,N1_Greedy,Random,1100,1081,438,19
MANN_a81,3321,5506380,N1_Greedy,Last,1100,1096,529,4
MANN_a81,3321,5506380,Ruin_Recreate,Random,1100,1081,4732,19
MANN_a81,3321,5506380,Ruin_Recreate,Last,1100,1096,4784,4
MANN_a81,3321,5506380,N2_Pair_Fallback,Max residual degree,1100,1096,576624,4
MANN_a81,3321,5506380,N2_Pair_Fallback,Last,1100,1096,577178,4
MANN_a81,3321,5506380,N2_Pair_Fallback,Random,1100,1096,577726,4
MANN_a81,3321,5506380,N2_Pair_Fallback,First,1100,1096,579430,4
MANN_a81,3321,5506380,N1_Greedy,Max residual degree,1100,0,600404,-1
MANN_a81,3321,5506380,Ruin_Recreate,Max residual degree,1100,0,1212635,-1
MANN_a81,3321,5506380,N3_Triple,Max residual degree,1100,0,1346442,-1
MANN_a81,3321,5506380,N3_Triple,Random,1100,0,1349284,-1
MANN_a81,3321,5506380,N3_Triple,Last,1100,0,1350686,-1
MANN_a81,3321,5506380,N3_Triple,First,1100,0,1353228,-1
MANN_a9,45,918,N1_Greedy,First,-1,9,0,-1
MANN_a9,45,918,N2_Pair_Fallback,First,-1,16,0,-1
MANN_a9,45,918,N1_Greedy,Last,-1,16,0,-1
MANN_a9,45,918,Ruin_Recreate,First,-1,9,0,-1
MANN_a9,45,918,N2_Pair_Fallback,Last,-1,16,0,-1
MANN_a9,45,918,N1_Greedy,Random,-1,15,0,-1
MANN_a9,45,918,Ruin_Recreate,Random,-1,15,0,-1
MANN_a9,45,918,Ruin_Recreate,Last,-1,16,1,-1
MANN_a9,45,918,N3_Triple,First,-1,16,3,-1
MANN_a9,45,918,N1_Greedy,Max residual degree,-1,15,0,-1
MANN_a9,45,918,N3_Triple,Last,-1,16,3,-1
MANN_a9,45,918,N2_Pair_Fallback,Random,-1,16,4,-1
MANN_a9,45,918,N2_Pair_Fallback,Max residual degree,-1,16,4,-1
MANN_a9,45,918,Ruin_Recreate,Max residual degree,-1,15,3,-1
MANN_a9,45,918,N3_Triple,Max residual degree,-1,16,6,-1
MANN_a9,45,918,N3_Triple,Random,-1,16,4,-1
brock200_1,200,14834,N1_Greedy,First,-1,13,0,-1
brock200_1,200,14834,N1_Greedy,Last,-1,13,0,-1
brock200_1,200,14834,Ruin_Recreate,Last,-1,13,0,-1
brock200_1,200,14834,N1_Greedy,Random,-1,14,0,-1
brock200_1,200,14834,Ruin_Recreate,First,-1,13,3,-1
brock200_1,200,14834,Ruin_Recreate,Random,-1,17,0,-1
brock200_1,200,14834,N2_Pair_Fallback,First,-1,18,17,-1
brock200_1,200,14834,N2_Pair_Fallback,Last,-1,18,9,-1
brock200_1,200,14834,Ruin_Recreate,Max residual degree,-1,19,25,-1
brock200_1,200,14834,N1_Greedy,Max residual degree,-1,18,47,-1
brock200_1,200,14834,N2_Pair_Fallback,Random,-1,18,51,-1
brock200_1,200,14834,N2_Pair_Fallback,Max residual degree,-1,18,45,-1
brock200_1,200,14834,N3_Triple,First,-1,18,164,-1
brock200_1,200,14834,N3_Triple,Random,-1,18,200,-1
brock200_1,200,14834,N3_Triple,Max residual degree,-1,18,192,-1
brock200_1,200,14834,N3_Triple,Last,-1,18,212,-1
brock200_2,200,9876,N1_Greedy,First,12,7,0,5
brock200_2,200,9876,Ruin_Recreate,First,12,7,0,5
brock200_2,200,9876,N1_Greedy,Last,12,7,0,5
brock200_2,200,9876,Ruin_Recreate,Last,12,7,0,5
brock200_2,200,9876,Ruin_Recreate,Random,12,8,0,4
brock200_2,200,9876,N1_Greedy,Random,12,7,1,5
brock200_2,200,9876,N2_Pair_Fallback,First,12,9,9,3
brock200_2,200,9876,N2_Pair_Fallback,Random,12,9,11,3
brock200_2,200,9876,N2_Pair_Fallback,Last,12,9,22,3
brock200_2,200,9876,N2_Pair_Fallback,Max residual degree,12,8,21,4
brock200_2,200,9876,N1_Greedy,Max residual degree,12,8,22,4
brock200_2,200,9876,Ruin_Recreate,Max residual degree,12,8,20,4
brock200_2,200,9876,N3_Triple,First,12,9,77,3
brock200_2,200,9876,N3_Triple,Last,12,9,78,3
brock200_2,200,9876,N3_Triple,Max residual degree,12,9,82,3
brock200_2,200,9876,N3_Triple,Random,12,9,96,3
brock200_3,200,12048,N1_Greedy,First,-1,11,0,-1
brock200_3,200,12048,N1_Greedy,Last,-1,10,0,-1
brock200_3,200,12048,Ruin_Recreate,First,-1,11,0,-1
brock200_3,200,12048,N1_Greedy,Random,-1,9,0,-1
brock200_3,200,12048,Ruin_Recreate,Last,-1,10,0,-1
brock200_3,200,12048,Ruin_Recreate,Random,-1,10,0,-1
brock200_3,200,12048,N2_Pair_Fallback,First,-1,12,18,-1
brock200_3,200,12048,N2_Pair_Fallback,Max residual degree,-1,12,17,-1
brock200_3,200,12048,N2_Pair_Fallback,Random,-1,12,20,-1
brock200_3,200,12048,N2_Pair_Fallback,Last,-1,12,22,-1
brock200_3,200,12048,N1_Greedy,Max residual degree,-1,12,20,-1
brock200_3,200,12048,Ruin_Recreate,Max residual degree,-1,12,22,-1
brock200_3,200,12048,N3_Triple,Last,-1,12,104,-1
brock200_3,200,12048,N3_Triple,First,-1,12,113,-1
brock200_3,200,12048,N3_Triple,Random,-1,12,119,-1
brock200_3,200,12048,N3_Triple,Max residual degree,-1,12,128,-1
brock200_4,200,13089,N1_Greedy,First,17,12,0,5
brock200_4,200,13089,N1_Greedy,Last,17,11,0,6
brock200_4,200,13089,Ruin_Recreate,First,17,12,0,5
brock200_4,200,13089,Ruin_Recreate,Last,17,11,0,6
brock200_4,200,13089,N1_Greedy,Random,17,10,0,7
brock200_4,200,13089,Ruin_Recreate,Random,17,13,0,4
brock200_4,200,13089,N2_Pair_Fallback,First,17,12,12,5
brock200_4,200,13089,Ruin_Recreate,Max residual degree,17,14,14,3
brock200_4,200,13089,N2_Pair_Fallback,Random,17,12,15,5
brock200_4,200,13089,N1_Greedy,Max residual degree,17,14,14,3
brock200_4,200,13089,N2_Pair_Fallback,Last,17,12,19,5
brock200_4,200,13089,N2_Pair_Fallback,Max residual degree,17,12,20,5
brock200_4,200,13089,N3_Triple,First,17,13,129,4
brock200_4,200,13089,N3_Triple,Last,17,13,130,4
brock200_4,200,13089,N3_Triple,Random,17,13,131,4
brock200_4,200,13089,N3_Triple,Max residual degree,17,13,129,4
brock400_1,400,59723,N1_Greedy,First,-1,15,0,-1
brock400_1,400,59723,N1_Greedy,Last,-1,17,0,-1
brock400_1,400,59723,Ruin_Recreate,First,-1,15,1,-1
brock400_1,400,59723,N1_Greedy,Random,-1,16,0,-1
brock400_1,400,59723,Ruin_Recreate,Last,-1,17,1,-1
brock400_1,400,59723,Ruin_Recreate,Random,-1,18,4,-1
brock400_1,400,59723,N2_Pair_Fallback,First,-1,21,64,-1
brock400_1,400,59723,N2_Pair_Fallback,Last,-1,21,66,-1
brock400_1,400,59723,N2_Pair_Fallback,Max residual degree,-1,20,93,-1
brock400_1,400,59723,N2_Pair_Fallback,Random,-1,21,97,-1
brock400_1,400,59723,N1_Greedy,Max residual degree,-1,21,100,-1
brock400_1,400,59723,Ruin_Recreate,Max residual degree,-1,21,109,-1
brock400_1,400,59723,N3_Triple,Random,-1,20,1207,-1
brock400_1,400,59723,N3_Triple,Max residual degree,-1,20,1213,-1
brock400_1,400,59723,N3_Triple,First,-1,20,1252,-1
brock400_1,400,59723,N3_Triple,Last,-1,20,1253,-1
brock400_2,400,59786,N1_Greedy,First,29,17,0,12
brock400_2,400,59786,Ruin_Recreate,First,29,17,1,12
brock400_2,400,59786,N1_Greedy,Last,29,17,0,12
brock400_2,400,59786,N1_Greedy,Random,29,16,0,13
brock400_2,400,59786,Ruin_Recreate,Last,29,17,3,12
brock400_2,400,59786,Ruin_Recreate,Random,29,19,3,10
brock400_2,400,59786,N2_Pair_Fallback,Last,29,22,37,7
brock400_2,400,59786,N2_Pair_Fallback,Max residual degree,29,22,77,7
brock400_2,400,59786,N2_Pair_Fallback,First,29,22,95,7
brock400_2,400,59786,N2_Pair_Fallback,Random,29,22,95,7
brock400_2,400,59786,N1_Greedy,Max residual degree,29,20,101,9
brock400_2,400,59786,Ruin_Recreate,Max residual degree,29,21,115,8
brock400_2,400,59786,N3_Triple,Random,29,21,1237,8
brock400_2,400,59786,N3_Triple,First,29,21,1253,8
brock400_2,400,59786,N3_Triple,Max residual degree,29,21,1275,8
brock400_2,400,59786,N3_Triple,Last,29,21,1284,8
brock400_3,400,59681,N1_Greedy,First,-1,17,0,-1
brock400_3,400,59681,N1_Greedy,Last,-1,17,0,-1
brock400_3,400,59681,Ruin_Recreate,First,-1,17,1,-1
brock400_3,400,59681,Ruin_Recreate,Last,-1,17,1,-1
brock400_3,400,59681,Ruin_Recreate,Random,-1,19,1,-1
brock400_3,400,59681,N1_Greedy,Random,-1,18,0,-1
brock400_3,400,59681,N2_Pair_Fallback,First,-1,20,65,-1
brock400_3,400,59681,N2_Pair_Fallback,Last,-1,20,64,-1
brock400_3,400,59681,N2_Pair_Fallback,Random,-1,20,64,-1
brock400_3,400,59681,N1_Greedy,Max residual degree,-1,20,75,-1
brock400_3,400,59681,N2_Pair_Fallback,Max residual degree,-1,20,111,-1
brock400_3,400,59681,Ruin_Recreate,Max residual degree,-1,20,124,-1
brock400_3,400,59681,N3_Triple,Last,-1,20,1218,-1
brock400_3,400,59681,N3_Triple,Random,-1,20,1229,-1
brock400_3,400,59681,N3_Triple,First,-1,20,1233,-1
brock400_3,400,59681,N3_Triple,Max residual degree,-1,20,1269,-1
brock400_4,400,59765,N1_Greedy,First,33,17,0,16
brock400_4,400,59765,N1_Greedy,Last,33,16,0,17
brock400_4,400,59765,Ruin_Recreate,First,33,17,1,16
brock400_4,400,59765,N1_Greedy,Random,33,16,0,17
brock400_4,400,59765,Ruin_Recreate,Last,33,16,1,17
brock400_4,400,59765,Ruin_Recreate,Random,33,18,1,15
brock400_4,400,59765,N2_Pair_Fallback,First,33,23,34,10
brock400_4,400,59765,N2_Pair_Fallback,Max residual degree,33,22,56,11
brock400_4,400,59765,N2_Pair_Fallback,Last,33,23,65,10
brock400_4,400,59765,N2_Pair_Fallback,Random,33,23,72,10
brock400_4,400,59765,N1_Greedy,Max residual degree,33,22,89,11
brock400_4,400,59765,Ruin_Recreate,Max residual degree,33,22,88,11
brock400_4,400,59765,N3_Triple,Last,33,21,1219,12
brock400_4,400,59765,N3_Triple,Random,33,21,1240,12
brock400_4,400,59765,N3_Triple,First,33,21,1248,12
brock400_4,400,59765,N3_Triple,Max residual degree,33,21,1243,12
brock800_1,800,207505,N1_Greedy,First,-1,14,0,-1
brock800_1,800,207505,N1_Greedy,Random,-1,12,0,-1
brock800_1,800,207505,N1_Greedy,Last,-1,13,1,-1
brock800_1,800,207505,Ruin_Recreate,Random,-1,16,1,-1
brock800_1,800,207505,Ruin_Recreate,First,-1,14,3,-1
brock800_1,800,207505,Ruin_Recreate,Last,-1,13,3,-1
brock800_1,800,207505,N2_Pair_Fallback,Random,-1,19,286,-1
brock800_1,800,207505,Ruin_Recreate,Max residual degree,-1,17,285,-1
brock800_1,800,207505,N2_Pair_Fallback,First,-1,19,294,-1
brock800_1,800,207505,N2_Pair_Fallback,Last,-1,19,314,-1
brock800_1,800,207505,N2_Pair_Fallback,Max residual degree,-1,18,363,-1
brock800_1,800,207505,N1_Greedy,Max residual degree,-1,16,370,-1
brock800_1,800,207505,N3_Triple,Random,-1,16,7117,-1
brock800_1,800,207505,N3_Triple,First,-1,16,7132,-1
brock800_1,800,207505,N3_Triple,Last,-1,16,7229,-1
brock800_1,800,207505,N3_Triple,Max residual degree,-1,16,7301,-1
brock800_2,800,208166,N1_Greedy,First,24,14,0,10
brock800_2,800,208166,N1_Greedy,Last,24,13,0,11
brock800_2,800,208166,N1_Greedy,Random,24,15,0,9
brock800_2,800,208166,Ruin_Recreate,Last,24,13,1,11
brock800_2,800,208166,Ruin_Recreate,Random,24,15,1,9
brock800_2,800,208166,Ruin_Recreate,First,24,14,7,10
brock800_2,800,208166,N2_Pair_Fallback,First,24,16,227,8
brock800_2,800,208166,N2_Pair_Fallback,Last,24,16,235,8
brock800_2,800,208166,Ruin_Recreate,Max residual degree,24,18,264,6
brock800_2,800,208166,N2_Pair_Fallback,Max residual degree,24,16,293,8
brock800_2,800,208166,N2_Pair_Fallback,Random,24,16,294,8
brock800_2,800,208166,N1_Greedy,Max residual degree,24,17,295,7
brock800_2,800,208166,N3_Triple,Last,24,18,7137,6
brock800_2,800,208166,N3_Triple,Max residual degree,24,18,7217,6
brock800_2,800,208166,N3_Triple,Random,24,18,7244,6
brock800_2,800,208166,N3_Triple,First,24,18,7263,6
brock800_3,800,207333,N1_Greedy,First,-1,14,0,-1
brock800_3,800,207333,N1_Greedy,Random,-1,13,0,-1
brock800_3,800,207333,N1_Greedy,Last,-1,15,0,-1
brock800_3,800,207333,Ruin_Recreate,First,-1,14,2,-1
brock800_3,800,207333,Ruin_Recreate,Random,-1,15,1,-1
brock800_3,800,207333,Ruin_Recreate,Last,-1,15,3,-1
brock800_3,800,207333,N2_Pair_Fallback,Last,-1,18,275,-1
brock800_3,800,207333,N2_Pair_Fallback,First,-1,18,294,-1
brock800_3,800,207333,N2_Pair_Fallback,Random,-1,18,294,-1
brock800_3,800,207333,Ruin_Recreate,Max residual degree,-1,18,306,-1
brock800_3,800,207333,N2_Pair_Fallback,Max residual degree,-1,18,357,-1
brock800_3,800,207333,N1_Greedy,Max residual degree,-1,17,364,-1
brock800_3,800,207333,N3_Triple,Random,-1,16,7116,-1
brock800_3,800,207333,N3_Triple,Last,-1,16,7267,-1
brock800_3,800,207333,N3_Triple,First,-1,16,7311,-1
brock800_3,800,207333,N3_Triple,Max residual degree,-1,16,7333,-1
brock800_4,800,207643,N1_Greedy,First,26,13,0,13
brock800_4,800,207643,N1_Greedy,Last,26,16,0,10
brock800_4,800,207643,Ruin_Recreate,First,26,13,1,13
brock800_4,800,207643,N1_Greedy,Random,26,13,0,13
brock800_4,800,207643,Ruin_Recreate,Last,26,16,1,10
brock800_4,800,207643,Ruin_Recreate,Random,26,17,1,9
brock800_4,800,207643,N2_Pair_Fallback,First,26,19,192,7
brock800_4,800,207643,N1_Greedy,Max residual degree,26,17,197,9
brock800_4,800,207643,Ruin_Recreate,Max residual degree,26,18,222,8
brock800_4,800,207643,N2_Pair_Fallback,Random,26,19,260,7
brock800_4,800,207643,N2_Pair_Fallback,Last,26,19,281,7
brock800_4,800,207643,N2_Pair_Fallback,Max residual degree,26,18,317,8
brock800_4,800,207643,N3_Triple,Last,26,18,7185,8
brock800_4,800,207643,N3_Triple,First,26,18,7198,8
brock800_4,800,207643,N3_Triple,Random,26,18,7235,8
brock800_4,800,207643,N3_Triple,Max residual degree,26,18,7248,8
c-fat200-1,200,1534,N1_Greedy,First,-1,12,0,-1
c-fat200-1,200,1534,Ruin_Recreate,Last,-1,12,0,-1
c-fat200-1,200,1534,Ruin_Recreate,First,-1,12,0,-1
c-fat200-1,200,1534,N1_Greedy,Last,-1,12,0,-1
c-fat200-1,200,1534,N1_Greedy,Random,-1,10,0,-1
c-fat200-1,200,1534,Ruin_Recreate,Random,-1,12,0,-1
c-fat200-1,200,1534,N2_Pair_Fallback,Last,-1,12,4,-1
c-fat200-1,200,1534,N1_Greedy,Max residual degree,-1,11,5,-1
c-fat200-1,200,1534,N2_Pair_Fallback,Random,-1,12,8,-1
c-fat200-1,200,1534,N2_Pair_Fallback,First,-1,12,9,-1
c-fat200-1,200,1534,Ruin_Recreate,Max residual degree,-1,11,7,-1
c-fat200-1,200,1534,N2_Pair_Fallback,Max residual degree,-1,12,11,-1
c-fat200-1,200,1534,N3_Triple,Last,-1,12,18,-1
c-fat200-1,200,1534,N3_Triple,First,-1,12,19,-1
c-fat200-1,200,1534,N3_Triple,Random,-1,12,20,-1
c-fat200-1,200,1534,N3_Triple,Max residual degree,-1,12,20,-1
c-fat200-2,200,3235,N1_Greedy,First,-1,24,0,-1
c-fat200-2,200,3235,N1_Greedy,Random,-1,23,0,-1
c-fat200-2,200,3235,Ruin_Recreate,First,-1,24,0,-1
c-fat200-2,200,3235,N1_Greedy,Last,-1,24,0,-1
c-fat200-2,200,3235,Ruin_Recreate,Last,-1,24,2,-1
c-fat200-2,200,3235,Ruin_Recreate,Random,-1,22,3,-1
c-fat200-2,200,3235,N2_Pair_Fallback,Last,-1,24,4,-1
c-fat200-2,200,3235,N2_Pair_Fallback,First,-1,24,10,-1
c-fat200-2,200,3235,N2_Pair_Fallback,Random,-1,24,8,-1
c-fat200-2,200,3235,N2_Pair_Fallback,Max residual degree,-1,24,14,-1
c-fat200-2,200,3235,N1_Greedy,Max residual degree,-1,23,15,-1
c-fat200-2,200,3235,Ruin_Recreate,Max residual degree,-1,23,11,-1
c-fat200-2,200,3235,N3_Triple,Max residual degree,-1,24,27,-1
c-fat200-2,200,3235,N3_Triple,First,-1,24,33,-1
c-fat200-2,200,3235,N3_Triple,Random,-1,24,33,-1
c-fat200-2,200,3235,N3_Triple,Last,-1,24,34,-1
c-fat200-5,200,8473,N1_Greedy,First,-1,58,0,-1
c-fat200-5,200,8473,N1_Greedy,Last,-1,58,0,-1
c-fat200-5,200,8473,N1_Greedy,Random,-1,58,0,-1
c-fat200-5,200,8473,Ruin_Recreate,First,-1,58,2,-1
c-fat200-5,200,8473,Ruin_Recreate,Last,-1,58,7,-1
c-fat200-5,200,8473,Ruin_Recreate,Random,-1,58,1,-1
c-fat200-5,200,8473,N2_Pair_Fallback,Last,-1,58,8,-1
c-fat200-5,200,8473,N2_Pair_Fallback,Max residual degree,-1,58,29,-1
c-fat200-5,200,8473,N2_Pair_Fallback,Random,-1,58,32,-1
c-fat200-5,200,8473,N2_Pair_Fallback,First,-1,58,34,-1
c-fat200-5,200,8473,Ruin_Recreate,Max residual degree,-1,57,31,-1
c-fat200-5,200,8473,N1_Greedy,Max residual degree,-1,57,42,-1
c-fat200-5,200,8473,N3_Triple,Last,-1,58,87,-1
c-fat200-5,200,8473,N3_Triple,Max residual degree,-1,58,108,-1
c-fat200-5,200,8473,N3_Triple,Random,-1,58,109,-1
c-fat200-5,200,8473,N3_Triple,First,-1,58,111,-1
c-fat500-1,500,4459,N1_Greedy,First,-1,14,0,-1
c-fat500-1,500,4459,Ruin_Recreate,First,-1,14,0,-1
c-fat500-1,500,4459,N1_Greedy,Last,-1,14,0,-1
c-fat500-1,500,4459,Ruin_Recreate,Last,-1,14,0,-1
c-fat500-1,500,4459,N1_Greedy,Random,-1,14,0,-1
c-fat500-1,500,4459,Ruin_Recreate,Random,-1,14,2,-1
c-fat500-1,500,4459,N2_Pair_Fallback,First,-1,14,54,-1
c-fat500-1,500,4459,N1_Greedy,Max residual degree,-1,13,54,-1
c-fat500-1,500,4459,Ruin_Recreate,Max residual degree,-1,13,53,-1
c-fat500-1,500,4459,N3_Triple,Last,-1,14,78,-1
c-fat500-1,500,4459,N2_Pair_Fallback,Random,-1,14,91,-1
c-fat500-1,500,4459,N2_Pair_Fallback,Max residual degree,-1,14,87,-1
c-fat500-1,500,4459,N2_Pair_Fallback,Last,-1,14,93,-1
c-fat500-1,500,4459,N3_Triple,Max residual degree,-1,14,105,-1
c-fat500-1,500,4459,N3_Triple,First,-1,14,115,-1
c-fat500-1,500,4459,N3_Triple,Random,-1,14,140,-1
c-fat500-10,500,46627,N1_Greedy,First,-1,126,0,-1
c-fat500-10,500,46627,N1_Greedy,Random,-1,126,1,-1
c-fat500-10,500,46627,N1_Greedy,Last,-1,126,4,-1
c-fat500-10,500,46627,Ruin_Recreate,Random,-1,126,14,-1
c-fat500-10,500,46627,Ruin_Recreate,First,-1,126,22,-1
c-fat500-10,500,46627,Ruin_Recreate,Last,-1,126,21,-1
c-fat500-10,500,46627,N2_Pair_Fallback,Last,-1,126,197,-1
c-fat500-10,500,46627,N2_Pair_Fallback,Random,-1,126,202,-1
c-fat500-10,500,46627,N2_Pair_Fallback,Max residual degree,-1,126,205,-1
c-fat500-10,500,46627,N2_Pair_Fallback,First,-1,126,207,-1
c-fat500-10,500,46627,Ruin_Recreate,Max residual degree,-1,125,355,-1
c-fat500-10,500,46627,N1_Greedy,Max residual degree,-1,125,364,-1
c-fat500-10,500,46627,N3_Triple,First,-1,126,1382,-1
c-fat500-10,500,46627,N3_Triple,Random,-1,126,1421,-1
c-fat500-10,500,46627,N3_Triple,Last,-1,126,1485,-1
c-fat500-10,500,46627,N3_Triple,Max residual degree,-1,126,1492,-1
c-fat500-2,500,9139,N1_Greedy,First,-1,26,0,-1
c-fat500-2,500,9139,Ruin_Recreate,First,-1,26,0,-1
c-fat500-2,500,9139,N1_Greedy,Last,-1,26,0,-1
c-fat500-2,500,9139,Ruin_Recreate,Last,-1,26,0,-1
c-fat500-2,500,9139,N1_Greedy,Random,-1,26,0,-1
c-fat500-2,500,9139,Ruin_Recreate,Random,-1,26,1,-1
c-fat500-2,500,9139,N2_Pair_Fallback,First,-1,26,29,-1
c-fat500-2,500,9139,N2_Pair_Fallback,Max residual degree,-1,26,47,-1
c-fat500-2,500,9139,N1_Greedy,Max residual degree,-1,25,57,-1
c-fat500-2,500,9139,N2_Pair_Fallback,Random,-1,26,72,-1
c-fat500-2,500,9139,Ruin_Recreate,Max residual degree,-1,25,74,-1
c-fat500-2,500,9139,N2_Pair_Fallback,Last,-1,26,89,-1
c-fat500-2,500,9139,N3_Triple,Random,-1,26,138,-1
c-fat500-2,500,9139,N3_Triple,Max residual degree,-1,26,175,-1
c-fat500-2,500,9139,N3_Triple,First,-1,26,184,-1
c-fat500-2,500,9139,N3_Triple,Last,-1,26,200,-1
c-fat500-5,500,23191,N1_Greedy,First,-1,64,0,-1
c-fat500-5,500,23191,N1_Greedy,Last,-1,64,0,-1
c-fat500-5,500,23191,Ruin_Recreate,First,-1,64,1,-1
c-fat500-5,500,23191,N1_Greedy,Random,-1,62,0,-1
c-fat500-5,500,23191,Ruin_Recreate,Random,-1,63,1,-1
c-fat500-5,500,23191,Ruin_Recreate,Last,-1,64,11,-1
c-fat500-5,500,23191,N2_Pair_Fallback,First,-1,64,66,-1
c-fat500-5,500,23191,N2_Pair_Fallback,Random,-1,64,65,-1
c-fat500-5,500,23191,N2_Pair_Fallback,Last,-1,64,96,-1
c-fat500-5,500,23191,N2_Pair_Fallback,Max residual degree,-1,64,95,-1
c-fat500-5,500,23191,N1_Greedy,Max residual degree,-1,63,113,-1
c-fat500-5,500,23191,Ruin_Recreate,Max residual degree,-1,63,131,-1
c-fat500-5,500,23191,N3_Triple,Max residual degree,-1,64,428,-1
c-fat500-5,500,23191,N3_Triple,Random,-1,64,431,-1
c-fat500-5,500,23191,N3_Triple,Last,-1,64,455,-1
c-fat500-5,500,23191,N3_Triple,First,-1,64,492,-1
gen200_p0.9_44,200,17910,N1_Greedy,First,44,30,0,14
gen200_p0.9_44,200,17910,N1_Greedy,Random,44,34,0,10
gen200_p0.9_44,200,17910,Ruin_Recreate,Last,44,30,1,14
gen200_p0.9_44,200,17910,N1_Greedy,Last,44,30,0,14
gen200_p0.9_44,200,17910,Ruin_Recreate,First,44,30,3,14
gen200_p0.9_44,200,17910,Ruin_Recreate,Random,44,33,1,11
gen200_p0.9_44,200,17910,N2_Pair_Fallback,First,44,37,41,7
gen200_p0.9_44,200,17910,N2_Pair_Fallback,Max residual degree,44,36,39,8
gen200_p0.9_44,200,17910,N1_Greedy,Max residual degree,44,36,56,8
gen200_p0.9_44,200,17910,N2_Pair_Fallback,Last,44,37,61,7
gen200_p0.9_44,200,17910,N2_Pair_Fallback,Random,44,37,60,7
gen200_p0.9_44,200,17910,Ruin_Recreate,Max residual degree,44,37,73,7
gen200_p0.9_44,200,17910,N3_Triple,First,44,38,442,6
gen200_p0.9_44,200,17910,N3_Triple,Max residual degree,44,38,439,6
gen200_p0.9_44,200,17910,N3_Triple,Random,44,38,443,6
gen200_p0.9_44,200,17910,N3_Triple,Last,44,38,446,6
gen200_p0.9_55,200,17910,N1_Greedy,First,55,30,0,25
gen200_p0.9_55,200,17910,N1_Greedy,Last,55,31,0,24
gen200_p0.9_55,200,17910,Ruin_Recreate,First,55,30,1,25
gen200_p0.9_55,200,17910,Ruin_Recreate,Last,55,31,1,24
gen200_p0.9_55,200,17910,N1_Greedy,Random,55,33,0,22
gen200_p0.9_55,200,17910,Ruin_Recreate,Random,55,34,6,21
gen200_p0.9_55,200,17910,N2_Pair_Fallback,Last,55,38,41,17
gen200_p0.9_55,200,17910,N2_Pair_Fallback,First,55,38,61,17
gen200_p0.9_55,200,17910,N2_Pair_Fallback,Random,55,38,65,17
gen200_p0.9_55,200,17910,N2_Pair_Fallback,Max residual degree,55,38,62,17
gen200_p0.9_55,200,17910,N1_Greedy,Max residual degree,55,37,70,18
gen200_p0.9_55,200,17910,Ruin_Recreate,Max residual degree,55,40,102,15
gen200_p0.9_55,200,17910,N3_Triple,Last,55,38,420,17
gen200_p0.9_55,200,17910,N3_Triple,Max residual degree,55,38,435,17
gen200_p0.9_55,200,17910,N3_Triple,First,55,38,439,17
gen200_p0.9_55,200,17910,N3_Triple,Random,55,38,462,17
gen400_p0.9_55,400,71820,N1_Greedy,First,55,34,0,21
gen400_p0.9_55,400,71820,N1_Greedy,Last,55,33,0,22
gen400_p0.9_55,400,71820,N1_Greedy,Random,55,36,2,19
gen400_p0.9_55,400,71820,Ruin_Recreate,First,55,34,5,21
gen400_p0.9_55,400,71820,Ruin_Recreate,Last,55,33,8,22
gen400_p0.9_55,400,71820,Ruin_Recreate,Random,55,42,9,13
gen400_p0.9_55,400,71820,N2_Pair_Fallback,First,55,43,159,12
gen400_p0.9_55,400,71820,N2_Pair_Fallback,Last,55,43,215,12
gen400_p0.9_55,400,71820,N2_Pair_Fallback,Random,55,43,241,12
gen400_p0.9_55,400,71820,N2_Pair_Fallback,Max residual degree,55,42,267,13
gen400_p0.9_55,400,71820,N1_Greedy,Max residual degree,55,47,285,8
gen400_p0.9_55,400,71820,Ruin_Recreate,Max residual degree,55,49,357,6
gen400_p0.9_55,400,71820,N3_Triple,First,55,44,3090,11
gen400_p0.9_55,400,71820,N3_Triple,Random,55,44,3098,11
gen400_p0.9_55,400,71820,N3_Triple,Last,55,44,3207,11
gen400_p0.9_55,400,71820,N3_Triple,Max residual degree,55,44,3261,11
gen400_p0.9_65,400,71820,N1_Greedy,First,65,35,0,30
gen400_p0.9_65,400,71820,N1_Greedy,Last,65,38,0,27
gen400_p0.9_65,400,71820,N1_Greedy,Random,65,38,0,27
gen400_p0.9_65,400,71820,Ruin_Recreate,First,65,35,5,30
gen400_p0.9_65,400,71820,Ruin_Recreate,Last,65,38,6,27
gen400_p0.9_65,400,71820,Ruin_Recreate,Random,65,40,8,25
gen400_p0.9_65,400,71820,N2_Pair_Fallback,Max residual degree,65,44,103,21
gen400_p0.9_65,400,71820,N2_Pair_Fallback,Last,65,45,202,20
gen400_p0.9_65,400,71820,N2_Pair_Fallback,First,65,45,237,20
gen400_p0.9_65,400,71820,N2_Pair_Fallback,Random,65,45,239,20
gen400_p0.9_65,400,71820,N1_Greedy,Max residual degree,65,44,319,21
gen400_p0.9_65,400,71820,Ruin_Recreate,Max residual degree,65,45,366,20
gen400_p0.9_65,400,71820,N3_Triple,Random,65,45,3089,20
gen400_p0.9_65,400,71820,N3_Triple,Last,65,45,3135,20
gen400_p0.9_65,400,71820,N3_Triple,Max residual degree,65,45,3215,20
gen400_p0.9_65,400,71820,N3_Triple,First,65,45,3257,20
gen400_p0.9_75,400,71820,N1_Greedy,First,75,38,0,37
gen400_p0.9_75,400,71820,N1_Greedy,Last,75,41,0,34
gen400_p0.9_75,400,71820,N1_Greedy,Random,75,36,0,39
gen400_p0.9_75,400,71820,Ruin_Recreate,First,75,38,5,37
gen400_p0.9_75,400,71820,Ruin_Recreate,Random,75,44,5,31
gen400_p0.9_75,400,71820,Ruin_Recreate,Last,75,41,9,34
gen400_p0.9_75,400,71820,N2_Pair_Fallback,First,75,44,181,31
gen400_p0.9_75,400,71820,N2_Pair_Fallback,Random,75,44,180,31
gen400_p0.9_75,400,71820,N2_Pair_Fallback,Last,75,44,288,31
gen400_p0.9_75,400,71820,N2_Pair_Fallback,Max residual degree,75,44,287,31
gen400_p0.9_75,400,71820,N1_Greedy,Max residual degree,75,43,316,32
gen400_p0.9_75,400,71820,Ruin_Recreate,Max residual degree,75,46,359,29
gen400_p0.9_75,400,71820,N3_Triple,Random,75,48,3431,27
gen400_p0.9_75,400,71820,N3_Triple,First,75,48,3466,27
gen400_p0.9_75,400,71820,N3_Triple,Max residual degree,75,48,3588,27
gen400_p0.9_75,400,71820,N3_Triple,Last,75,48,3592,27
hamming10-2,1024,518656,N1_Greedy,Random,-1,232,32,-1
hamming10-2,1024,518656,N1_Greedy,Last,-1,512,39,-1
hamming10-2,1024,518656,N1_Greedy,First,-1,512,69,-1
hamming10-2,1024,518656,Ruin_Recreate,Last,-1,512,347,-1
hamming10-2,1024,518656,Ruin_Recreate,Random,-1,503,385,-1
hamming10-2,1024,518656,Ruin_Recreate,First,-1,512,481,-1
hamming10-2,1024,518656,N2_Pair_Fallback,First,-1,512,16886,-1
hamming10-2,1024,518656,N2_Pair_Fallback,Last,-1,512,17203,-1
hamming10-2,1024,518656,N2_Pair_Fallback,Max residual degree,-1,512,17687,-1
hamming10-2,1024,518656,N2_Pair_Fallback,Random,-1,512,17858,-1
hamming10-2,1024,518656,N1_Greedy,Max residual degree,-1,511,23058,-1
hamming10-2,1024,518656,Ruin_Recreate,Max residual degree,-1,511,27245,-1
hamming10-2,1024,518656,N3_Triple,Max residual degree,-1,0,600439,-1
hamming10-2,1024,518656,N3_Triple,First,-1,0,601616,-1
hamming10-2,1024,518656,N3_Triple,Last,-1,0,602006,-1
hamming10-2,1024,518656,N3_Triple,Random,-1,0,603390,-1
hamming10-4,1024,434176,N1_Greedy,First,40,32,0,8
hamming10-4,1024,434176,N1_Greedy,Last,40,32,2,8
hamming10-4,1024,434176,N1_Greedy,Random,40,17,0,23
hamming10-4,1024,434176,Ruin_Recreate,Random,40,31,9,9
hamming10-4,1024,434176,Ruin_Recreate,Last,40,32,15,8
hamming10-4,1024,434176,Ruin_Recreate,First,40,32,24,8
hamming10-4,1024,434176,N2_Pair_Fallback,Random,40,32,432,8
hamming10-4,1024,434176,N2_Pair_Fallback,First,40,32,556,8
hamming10-4,1024,434176,N2_Pair_Fallback,Max residual degree,40,32,591,8
hamming10-4,1024,434176,N2_Pair_Fallback,Last,40,32,754,8
hamming10-4,1024,434176,N1_Greedy,Max residual degree,40,35,816,5
hamming10-4,1024,434176,Ruin_Recreate,Max residual degree,40,35,833,5
hamming10-4,1024,434176,N3_Triple,Max residual degree,40,32,26702,8
hamming10-4,1024,434176,N3_Triple,First,40,31,26748,9
hamming10-4,1024,434176,N3_Triple,Random,40,31,26748,9
hamming10-4,1024,434176,N3_Triple,Last,40,31,26762,9
hamming6-2,64,1824,N1_Greedy,First,-1,32,0,-1
hamming6-2,64,1824,N1_Greedy,Random,-1,27,0,-1
hamming6-2,64,1824,Ruin_Recreate,First,-1,32,0,-1
hamming6-2,64,1824,N1_Greedy,Last,-1,32,0,-1
hamming6-2,64,1824,N2_Pair_Fallback,Last,-1,32,1,-1
hamming6-2,64,1824,Ruin_Recreate,Last,-1,32,2,-1
hamming6-2,64,1824,Ruin_Recreate,Random,-1,32,3,-1
hamming6-2,64,1824,N2_Pair_Fallback,Random,-1,32,4,-1
hamming6-2,64,1824,N2_Pair_Fallback,Max residual degree,-1,32,6,-1
hamming6-2,64,1824,N2_Pair_Fallback,First,-1,32,10,-1
hamming6-2,64,1824,N1_Greedy,Max residual degree,-1,31,9,-1
hamming6-2,64,1824,Ruin_Recreate,Max residual degree,-1,31,11,-1
hamming6-2,64,1824,N3_Triple,First,-1,32,14,-1
hamming6-2,64,1824,N3_Triple,Random,-1,32,13,-1
hamming6-2,64,1824,N3_Triple,Max residual degree,-1,32,17,-1
hamming6-2,64,1824,N3_Triple,Last,-1,32,19,-1
hamming6-4,64,704,N1_Greedy,First,-1,4,0,-1
hamming6-4,64,704,N1_Greedy,Last,-1,4,0,-1
hamming6-4,64,704,Ruin_Recreate,Last,-1,4,0,-1
hamming6-4,64,704,N2_Pair_Fallback,First,-1,4,0,-1
hamming6-4,64,704,N1_Greedy,Random,-1,4,0,-1
hamming6-4,64,704,Ruin_Recreate,Random,-1,4,0,-1
hamming6-4,64,704,N2_Pair_Fallback,Random,-1,4,0,-1
hamming6-4,64,704,N2_Pair_Fallback,Last,-1,4,0,-1
hamming6-4,64,704,N1_Greedy,Max residual degree,-1,3,0,-1
hamming6-4,64,704,N2_Pair_Fallback,Max residual degree,-1,4,0,-1
hamming6-4,64,704,Ruin_Recreate,Max residual degree,-1,3,0,-1
hamming6-4,64,704,N3_Triple,Random,-1,4,1,-1
hamming6-4,64,704,N3_Triple,First,-1,4,2,-1
hamming6-4,64,704,Ruin_Recreate,First,-1,4,0,-1
hamming6-4,64,704,N3_Triple,Last,-1,4,4,-1
hamming6-4,64,704,N3_Triple,Max residual degree,-1,4,1,-1
hamming8-2,256,31616,N1_Greedy,Random,-1,66,2,-1
hamming8-2,256,31616,N1_Greedy,First,-1,128,0,-1
hamming8-2,256,31616,N1_Greedy,Last,-1,128,3,-1
hamming8-2,256,31616,Ruin_Recreate,Random,-1,82,15,-1
hamming8-2,256,31616,Ruin_Recreate,First,-1,128,33,-1
hamming8-2,256,31616,Ruin_Recreate,Last,-1,128,37,-1
hamming8-2,256,31616,N2_Pair_Fallback,Random,-1,128,272,-1
hamming8-2,256,31616,N2_Pair_Fallback,Last,-1,128,316,-1
hamming8-2,256,31616,N2_Pair_Fallback,Max residual degree,-1,128,333,-1
hamming8-2,256,31616,N2_Pair_Fallback,First,-1,128,336,-1
hamming8-2,256,31616,N1_Greedy,Max residual degree,-1,127,345,-1
hamming8-2,256,31616,Ruin_Recreate,Max residual degree,-1,127,539,-1
hamming8-2,256,31616,N3_Triple,First,-1,128,2663,-1
hamming8-2,256,31616,N3_Triple,Random,-1,128,2709,-1
hamming8-2,256,31616,N3_Triple,Max residual degree,-1,128,2709,-1
hamming8-2,256,31616,N3_Triple,Last,-1,128,2777,-1
hamming8-4,256,20864,N1_Greedy,First,16,16,0,0
hamming8-4,256,20864,N1_Greedy,Last,16,16,0,0
hamming8-4,256,20864,Ruin_Recreate,First,16,16,0,0
hamming8-4,256,20864,Ruin_Recreate,Last,16,16,0,0
hamming8-4,256,20864,N1_Greedy,Random,16,10,0,6
hamming8-4,256,20864,Ruin_Recreate,Random,16,12,0,4
hamming8-4,256,20864,N2_Pair_Fallback,Last,16,16,20,0
hamming8-4,256,20864,N2_Pair_Fallback,First,16,16,25,0
hamming8-4,256,20864,Ruin_Recreate,Max residual degree,16,15,22,1
hamming8-4,256,20864,N1_Greedy,Max residual degree,16,15,25,1
hamming8-4,256,20864,N2_Pair_Fallback,Random,16,16,27,0
hamming8-4,256,20864,N2_Pair_Fallback,Max residual degree,16,16,26,0
hamming8-4,256,20864,N3_Triple,Last,16,16,226,0
hamming8-4,256,20864,N3_Triple,Max residual degree,16,16,234,0
hamming8-4,256,20864,N3_Triple,First,16,16,237,0
hamming8-4,256,20864,N3_Triple,Random,16,16,237,0
johnson16-2-4,120,5460,N1_Greedy,First,-1,8,0,-1
johnson16-2-4,120,5460,Ruin_Recreate,First,-1,8,0,-1
johnson16-2-4,120,5460,N1_Greedy,Last,-1,8,0,-1
johnson16-2-4,120,5460,N1_Greedy,Random,-1,8,0,-1
johnson16-2-4,120,5460,Ruin_Recreate,Random,-1,8,0,-1
johnson16-2-4,120,5460,Ruin_Recreate,Last,-1,8,2,-1
johnson16-2-4,120,5460,N2_Pair_Fallback,First,-1,8,5,-1
johnson16-2-4,120,5460,N2_Pair_Fallback,Random,-1,8,6,-1
johnson16-2-4,120,5460,N1_Greedy,Max residual degree,-1,7,4,-1
johnson16-2-4,120,5460,N2_Pair_Fallback,Last,-1,8,7,-1
johnson16-2-4,120,5460,N2_Pair_Fallback,Max residual degree,-1,8,4,-1
johnson16-2-4,120,5460,Ruin_Recreate,Max residual degree,-1,7,11,-1
johnson16-2-4,120,5460,N3_Triple,Last,-1,8,31,-1
johnson16-2-4,120,5460,N3_Triple,First,-1,8,35,-1
johnson16-2-4,120,5460,N3_Triple,Max residual degree,-1,8,36,-1
johnson16-2-4,120,5460,N3_Triple,Random,-1,8,36,-1
johnson32-2-4,496,107880,N1_Greedy,First,-1,16,0,-1
johnson32-2-4,496,107880,N1_Greedy,Last,-1,16,0,-1
johnson32-2-4,496,107880,N1_Greedy,Random,-1,16,1,-1
johnson32-2-4,496,107880,Ruin_Recreate,First,-1,16,2,-1
johnson32-2-4,496,107880,Ruin_Recreate,Random,-1,16,6,-1
johnson32-2-4,496,107880,Ruin_Recreate,Last,-1,16,18,-1
johnson32-2-4,496,107880,N2_Pair_Fallback,Random,-1,16,61,-1
johnson32-2-4,496,107880,N2_Pair_Fallback,First,-1,16,124,-1
johnson32-2-4,496,107880,N1_Greedy,Max residual degree,-1,15,137,-1
johnson32-2-4,496,107880,N2_Pair_Fallback,Last,-1,16,157,-1
johnson32-2-4,496,107880,N2_Pair_Fallback,Max residual degree,-1,16,197,-1
johnson32-2-4,496,107880,Ruin_Recreate,Max residual degree,-1,15,207,-1
johnson32-2-4,496,107880,N3_Triple,First,-1,16,3258,-1
johnson32-2-4,496,107880,N3_Triple,Max residual degree,-1,16,3262,-1
johnson32-2-4,496,107880,N3_Triple,Random,-1,16,3346,-1
johnson32-2-4,496,107880,N3_Triple,Last,-1,16,3360,-1
johnson8-2-4,28,210,N1_Greedy,First,-1,4,0,-1
johnson8-2-4,28,210,Ruin_Recreate,First,-1,4,0,-1
johnson8-2-4,28,210,N1_Greedy,Random,-1,4,0,-1
johnson8-2-4,28,210,N2_Pair_Fallback,First,-1,4,0,-1
johnson8-2-4,28,210,N1_Greedy,Last,-1,4,0,-1
johnson8-2-4,28,210,N3_Triple,Random,-1,4,0,-1
johnson8-2-4,28,210,N3_Triple,First,-1,4,0,-1
johnson8-2-4,28,210,N1_Greedy,Max residual degree,-1,3,0,-1
johnson8-2-4,28,210,Ruin_Recreate,Random,-1,4,0,-1
johnson8-2-4,28,210,Ruin_Recreate,Last,-1,4,0,-1
johnson8-2-4,28,210,N3_Triple,Last,-1,4,0,-1
johnson8-2-4,28,210,N2_Pair_Fallback,Random,-1,4,0,-1
johnson8-2-4,28,210,N2_Pair_Fallback,Max residual degree,-1,4,0,-1
johnson8-2-4,28,210,Ruin_Recreate,Max residual degree,-1,3,0,-1
johnson8-2-4,28,210,N2_Pair_Fallback,Last,-1,4,0,-1
johnson8-2-4,28,210,N3_Triple,Max residual degree,-1,4,0,-1
johnson8-4-4,70,1855,N1_Greedy,First,-1,14,0,-1
johnson8-4-4,70,1855,N1_Greedy,Last,-1,14,0,-1
johnson8-4-4,70,1855,Ruin_Recreate,First,-1,14,0,-1
johnson8-4-4,70,1855,Ruin_Recreate,Last,-1,14,0,-1
johnson8-4-4,70,1855,N1_Greedy,Random,-1,9,0,-1
johnson8-4-4,70,1855,N2_Pair_Fallback,Last,-1,14,0,-1
johnson8-4-4,70,1855,N2_Pair_Fallback,First,-1,14,1,-1
johnson8-4-4,70,1855,Ruin_Recreate,Random,-1,11,0,-1
johnson8-4-4,70,1855,N1_Greedy,Max residual degree,-1,13,1,-1
johnson8-4-4,70,1855,N2_Pair_Fallback,Max residual degree,-1,14,1,-1
johnson8-4-4,70,1855,N2_Pair_Fallback,Random,-1,14,2,-1
johnson8-4-4,70,1855,Ruin_Recreate,Max residual degree,-1,13,3,-1
johnson8-4-4,70,1855,N3_Triple,Last,-1,14,8,-1
johnson8-4-4,70,1855,N3_Triple,First,-1,14,8,-1
johnson8-4-4,70,1855,N3_Triple,Random,-1,14,9,-1
johnson8-4-4,70,1855,N3_Triple,Max residual degree,-1,14,8,-1
keller4,171,9435,N1_Greedy,First,11,7,0,4
keller4,171,9435,Ruin_Recreate,First,11,7,0,4
keller4,171,9435,N1_Greedy,Last,11,7,0,4
keller4,171,9435,Ruin_Recreate,Last,11,7,0,4
keller4,171,9435,N1_Greedy,Random,11,7,0,4
keller4,171,9435,Ruin_Recreate,Random,11,8,0,3
keller4,171,9435,N2_Pair_Fallback,Max residual degree,11,8,10,3
keller4,171,9435,N1_Greedy,Max residual degree,11,10,13,1
keller4,171,9435,N2_Pair_Fallback,Random,11,9,14,2
keller4,171,9435,N2_Pair_Fallback,First,11,9,15,2
keller4,171,9435,N2_Pair_Fallback,Last,11,9,20,2
keller4,171,9435,Ruin_Recreate,Max residual degree,11,10,15,1
keller4,171,9435,N3_Triple,Random,11,9,78,2
keller4,171,9435,N3_Triple,First,11,9,81,2
keller4,171,9435,N3_Triple,Max residual degree,11,9,82,2
keller4,171,9435,N3_Triple,Last,11,9,84,2
keller5,776,225990,N1_Greedy,First,27,15,0,12
keller5,776,225990,N1_Greedy,Last,27,15,0,12
keller5,776,225990,N1_Greedy,Random,27,15,0,12
keller5,776,225990,Ruin_Recreate,First,27,15,2,12
keller5,776,225990,Ruin_Recreate,Last,27,15,12,12
keller5,776,225990,Ruin_Recreate,Random,27,20,11,7
keller5,776,225990,N2_Pair_Fallback,First,27,21,157,6
keller5,776,225990,Ruin_Recreate,Max residual degree,27,23,315,4
keller5,776,225990,N2_Pair_Fallback,Last,27,21,327,6
keller5,776,225990,N1_Greedy,Max residual degree,27,22,411,5
keller5,776,225990,N2_Pair_Fallback,Random,27,21,421,6
keller5,776,225990,N2_Pair_Fallback,Max residual degree,27,20,418,7
keller5,776,225990,N3_Triple,First,27,21,9917,6
keller5,776,225990,N3_Triple,Last,27,21,9979,6
keller5,776,225990,N3_Triple,Random,27,21,10025,6
keller5,776,225990,N3_Triple,Max residual degree,27,21,10182,6
keller6,3361,4619898,N1_Greedy,First,59,31,4,28
keller6,3361,4619898,N1_Greedy,Random,59,33,1,26
keller6,3361,4619898,N1_Greedy,Last,59,31,6,28
keller6,3361,4619898,Ruin_Recreate,First,59,31,21,28
keller6,3361,4619898,Ruin_Recreate,Random,59,40,30,19
keller6,3361,4619898,Ruin_Recreate,Last,59,31,111,28
keller6,3361,4619898,N2_Pair_Fallback,Last,59,46,11682,13
keller6,3361,4619898,N2_Pair_Fallback,Random,59,46,11761,13
keller6,3361,4619898,N2_Pair_Fallback,First,59,46,12063,13
keller6,3361,4619898,N2_Pair_Fallback,Max residual degree,59,46,13236,13
keller6,3361,4619898,Ruin_Recreate,Max residual degree,59,47,15602,12
keller6,3361,4619898,N1_Greedy,Max residual degree,59,47,16361,12
keller6,3361,4619898,N3_Triple,Last,59,0,691735,-1
keller6,3361,4619898,N3_Triple,Max residual degree,59,0,691928,-1
keller6,3361,4619898,N3_Triple,First,59,0,692637,-1
keller6,3361,4619898,N3_Triple,Random,59,0,693564,-1
san1000,1000,250500,N1_Greedy,First,-1,7,0,-1
san1000,1000,250500,Ruin_Recreate,First,-1,7,1,-1
san1000,1000,250500,N1_Greedy,Last,-1,8,0,-1
san1000,1000,250500,N1_Greedy,Random,-1,8,0,-1
san1000,1000,250500,Ruin_Recreate,Random,-1,8,2,-1
san1000,1000,250500,Ruin_Recreate,Last,-1,8,1,-1
san1000,1000,250500,N2_Pair_Fallback,Random,-1,9,242,-1
san1000,1000,250500,N2_Pair_Fallback,First,-1,9,306,-1
san1000,1000,250500,N2_Pair_Fallback,Max residual degree,-1,8,305,-1
san1000,1000,250500,N1_Greedy,Max residual degree,-1,9,394,-1
san1000,1000,250500,Ruin_Recreate,Max residual degree,-1,9,406,-1
san1000,1000,250500,N2_Pair_Fallback,Last,-1,9,426,-1
san1000,1000,250500,N3_Triple,Max residual degree,-1,9,10197,-1
san1000,1000,250500,N3_Triple,First,-1,9,10216,-1
san1000,1000,250500,N3_Triple,Random,-1,9,10242,-1
san1000,1000,250500,N3_Triple,Last,-1,9,10245,-1
san200_0.7_1,200,13930,N1_Greedy,First,-1,15,0,-1
san200_0.7_1,200,13930,Ruin_Recreate,First,-1,15,0,-1
san200_0.7_1,200,13930,N1_Greedy,Last,-1,16,0,-1
san200_0.7_1,200,13930,N1_Greedy,Random,-1,15,0,-1
san200_0.7_1,200,13930,Ruin_Recreate,Random,-1,16,0,-1
san200_0.7_1,200,13930,Ruin_Recreate,Last,-1,16,2,-1
san200_0.7_1,200,13930,N2_Pair_Fallback,Random,-1,16,8,-1
san200_0.7_1,200,13930,N2_Pair_Fallback,First,-1,16,17,-1
san200_0.7_1,200,13930,N1_Greedy,Max residual degree,-1,15,16,-1
san200_0.7_1,200,13930,N2_Pair_Fallback,Last,-1,16,19,-1
san200_0.7_1,200,13930,N2_Pair_Fallback,Max residual degree,-1,16,23,-1
san200_0.7_1,200,13930,Ruin_Recreate,Max residual degree,-1,16,33,-1
san200_0.7_1,200,13930,N3_Triple,Last,-1,17,139,-1
san200_0.7_1,200,13930,N3_Triple,Random,-1,17,146,-1
san200_0.7_1,200,13930,N3_Triple,First,-1,17,149,-1
san200_0.7_1,200,13930,N3_Triple,Max residual degree,-1,17,155,-1
san200_0.7_2,200,13930,N1_Greedy,First,-1,12,0,-1
san200_0.7_2,200,13930,Ruin_Recreate,First,-1,12,0,-1
san200_0.7_2,200,13930,N1_Greedy,Last,-1,12,0,-1
san200_0.7_2,200,13930,Ruin_Recreate,Last,-1,12,0,-1
san200_0.7_2,200,13930,N1_Greedy,Random,-1,8,0,-1
san200_0.7_2,200,13930,Ruin_Recreate,Random,-1,12,0,-1
san200_0.7_2,200,13930,N2_Pair_Fallback,Random,-1,12,14,-1
san200_0.7_2,200,13930,N2_Pair_Fallback,First,-1,12,19,-1
san200_0.7_2,200,13930,Ruin_Recreate,Max residual degree,-1,14,19,-1
san200_0.7_2,200,13930,N2_Pair_Fallback,Last,-1,12,29,-1
san200_0.7_2,200,13930,N2_Pair_Fallback,Max residual degree,-1,12,28,-1
san200_0.7_2,200,13930,N1_Greedy,Max residual degree,-1,14,33,-1
san200_0.7_2,200,13930,N3_Triple,First,-1,13,153,-1
san200_0.7_2,200,13930,N3_Triple,Random,-1,13,161,-1
san200_0.7_2,200,13930,N3_Triple,Last,-1,13,179,-1
san200_0.7_2,200,13930,N3_Triple,Max residual degree,-1,13,175,-1
san200_0.9_1,200,17910,N1_Greedy,First,-1,43,0,-1
san200_0.9_1,200,17910,N1_Greedy,Last,-1,38,0,-1
san200_0.9_1,200,17910,N1_Greedy,Random,-1,46,0,-1
san200_0.9_1,200,17910,Ruin_Recreate,First,-1,43,6,-1
san200_0.9_1,200,17910,Ruin_Recreate,Last,-1,38,5,-1
san200_0.9_1,200,17910,Ruin_Recreate,Random,-1,46,7,-1
san200_0.9_1,200,17910,N2_Pair_Fallback,First,-1,48,58,-1
san200_0.9_1,200,17910,N2_Pair_Fallback,Last,-1,48,58,-1
san200_0.9_1,200,17910,N2_Pair_Fallback,Random,-1,48,59,-1
san200_0.9_1,200,17910,N1_Greedy,Max residual degree,-1,46,64,-1
san200_0.9_1,200,17910,N2_Pair_Fallback,Max residual degree,-1,48,71,-1
san200_0.9_1,200,17910,Ruin_Recreate,Max residual degree,-1,46,150,-1
san200_0.9_1,200,17910,N3_Triple,Last,-1,46,540,-1
san200_0.9_1,200,17910,N3_Triple,Max residual degree,-1,46,541,-1
san200_0.9_1,200,17910,N3_Triple,Random,-1,46,561,-1
san200_0.9_1,200,17910,N3_Triple,First,-1,46,602,-1
san200_0.9_2,200,17910,N1_Greedy,First,-1,36,0,-1
san200_0.9_2,200,17910,N1_Greedy,Last,-1,30,0,-1
san200_0.9_2,200,17910,N1_Greedy,Random,-1,26,0,-1
san200_0.9_2,200,17910,Ruin_Recreate,First,-1,36,5,-1
san200_0.9_2,200,17910,Ruin_Recreate,Last,-1,30,4,-1
san200_0.9_2,200,17910,Ruin_Recreate,Random,-1,37,5,-1
san200_0.9_2,200,17910,N2_Pair_Fallback,First,-1,38,45,-1
san200_0.9_2,200,17910,N2_Pair_Fallback,Random,-1,38,44,-1
san200_0.9_2,200,17910,N2_Pair_Fallback,Last,-1,38,44,-1
san200_0.9_2,200,17910,N2_Pair_Fallback,Max residual degree,-1,38,44,-1
san200_0.9_2,200,17910,N1_Greedy,Max residual degree,-1,37,61,-1
san200_0.9_2,200,17910,Ruin_Recreate,Max residual degree,-1,40,86,-1
san200_0.9_2,200,17910,N3_Triple,Max residual degree,-1,40,419,-1
san200_0.9_2,200,17910,N3_Triple,Last,-1,40,425,-1
san200_0.9_2,200,17910,N3_Triple,First,-1,40,456,-1
san200_0.9_2,200,17910,N3_Triple,Random,-1,40,457,-1
san200_0.9_3,200,17910,N1_Greedy,First,-1,21,0,-1
san200_0.9_3,200,17910,N1_Greedy,Random,-1,30,0,-1
san200_0.9_3,200,17910,Ruin_Recreate,First,-1,21,1,-1
san200_0.9_3,200,17910,N1_Greedy,Last,-1,25,2,-1
san200_0.9_3,200,17910,Ruin_Recreate,Last,-1,25,4,-1
san200_0.9_3,200,17910,Ruin_Recreate,Random,-1,30,1,-1
san200_0.9_3,200,17910,N2_Pair_Fallback,Random,-1,34,34,-1
san200_0.9_3,200,17910,N2_Pair_Fallback,Max residual degree,-1,34,35,-1
san200_0.9_3,200,17910,N2_Pair_Fallback,Last,-1,34,39,-1
san200_0.9_3,200,17910,N2_Pair_Fallback,First,-1,34,45,-1
san200_0.9_3,200,17910,N1_Greedy,Max residual degree,-1,32,67,-1
san200_0.9_3,200,17910,Ruin_Recreate,Max residual degree,-1,35,85,-1
san200_0.9_3,200,17910,N3_Triple,Last,-1,33,364,-1
san200_0.9_3,200,17910,N3_Triple,Random,-1,33,371,-1
san200_0.9_3,200,17910,N3_Triple,Max residual degree,-1,33,367,-1
san200_0.9_3,200,17910,N3_Triple,First,-1,33,401,-1
san400_0.5_1,400,39900,N1_Greedy,First,-1,7,0,-1
san400_0.5_1,400,39900,Ruin_Recreate,First,-1,7,0,-1
san400_0.5_1,400,39900,N1_Greedy,Last,-1,7,0,-1
san400_0.5_1,400,39900,N1_Greedy,Random,-1,6,0,-1
san400_0.5_1,400,39900,Ruin_Recreate,Random,-1,7,0,-1
san400_0.5_1,400,39900,Ruin_Recreate,Last,-1,7,4,-1
san400_0.5_1,400,39900,N2_Pair_Fallback,Max residual degree,-1,8,49,-1
san400_0.5_1,400,39900,N2_Pair_Fallback,Last,-1,8,68,-1
san400_0.5_1,400,39900,N1_Greedy,Max residual degree,-1,7,82,-1
san400_0.5_1,400,39900,N2_Pair_Fallback,First,-1,8,88,-1
san400_0.5_1,400,39900,N2_Pair_Fallback,Random,-1,8,91,-1
san400_0.5_1,400,39900,Ruin_Recreate,Max residual degree,-1,7,96,-1
san400_0.5_1,400,39900,N3_Triple,First,-1,8,633,-1
san400_0.5_1,400,39900,N3_Triple,Random,-1,8,658,-1
san400_0.5_1,400,39900,N3_Triple,Last,-1,8,690,-1
san400_0.5_1,400,39900,N3_Triple,Max residual degree,-1,8,690,-1
san400_0.7_1,400,55860,N1_Greedy,First,-1,21,0,-1
san400_0.7_1,400,55860,N1_Greedy,Last,-1,20,0,-1
san400_0.7_1,400,55860,Ruin_Recreate,First,-1,21,1,-1
san400_0.7_1,400,55860,N1_Greedy,Random,-1,20,0,-1
san400_0.7_1,400,55860,Ruin_Recreate,Last,-1,20,12,-1
san400_0.7_1,400,55860,Ruin_Recreate,Random,-1,21,1,-1
san400_0.7_1,400,55860,N2_Pair_Fallback,Last,-1,21,39,-1
san400_0.7_1,400,55860,N2_Pair_Fallback,Random,-1,21,107,-1
san400_0.7_1,400,55860,N2_Pair_Fallback,First,-1,21,117,-1
san400_0.7_1,400,55860,N2_Pair_Fallback,Max residual degree,-1,20,116,-1
san400_0.7_1,400,55860,N1_Greedy,Max residual degree,-1,20,122,-1
san400_0.7_1,400,55860,Ruin_Recreate,Max residual degree,-1,20,159,-1
san400_0.7_1,400,55860,N3_Triple,Max residual degree,-1,21,1219,-1
san400_0.7_1,400,55860,N3_Triple,Last,-1,21,1252,-1
san400_0.7_1,400,55860,N3_Triple,Random,-1,21,1253,-1
san400_0.7_1,400,55860,N3_Triple,First,-1,21,1296,-1
san400_0.7_2,400,55860,N1_Greedy,First,-1,15,0,-1
san400_0.7_2,400,55860,N1_Greedy,Last,-1,15,0,-1
san400_0.7_2,400,55860,N1_Greedy,Random,-1,15,0,-1
san400_0.7_2,400,55860,Ruin_Recreate,Random,-1,16,1,-1
san400_0.7_2,400,55860,Ruin_Recreate,Last,-1,15,4,-1
san400_0.7_2,400,55860,Ruin_Recreate,First,-1,15,5,-1
san400_0.7_2,400,55860,N2_Pair_Fallback,Max residual degree,-1,16,63,-1
san400_0.7_2,400,55860,N2_Pair_Fallback,First,-1,17,69,-1
san400_0.7_2,400,55860,N2_Pair_Fallback,Last,-1,17,69,-1
san400_0.7_2,400,55860,N2_Pair_Fallback,Random,-1,17,114,-1
san400_0.7_2,400,55860,N1_Greedy,Max residual degree,-1,16,122,-1
san400_0.7_2,400,55860,Ruin_Recreate,Max residual degree,-1,17,137,-1
san400_0.7_2,400,55860,N3_Triple,Random,-1,17,1186,-1
san400_0.7_2,400,55860,N3_Triple,Max residual degree,-1,17,1212,-1
san400_0.7_2,400,55860,N3_Triple,Last,-1,17,1227,-1
san400_0.7_2,400,55860,N3_Triple,First,-1,17,1271,-1
san400_0.7_3,400,55860,N1_Greedy,First,-1,10,0,-1
san400_0.7_3,400,55860,Ruin_Recreate,First,-1,10,0,-1
san400_0.7_3,400,55860,N1_Greedy,Random,-1,12,0,-1
san400_0.7_3,400,55860,N1_Greedy,Last,-1,14,0,-1
san400_0.7_3,400,55860,Ruin_Recreate,Last,-1,14,1,-1
san400_0.7_3,400,55860,Ruin_Recreate,Random,-1,15,1,-1
san400_0.7_3,400,55860,N2_Pair_Fallback,First,-1,15,59,-1
san400_0.7_3,400,55860,N2_Pair_Fallback,Random,-1,15,63,-1
san400_0.7_3,400,55860,N1_Greedy,Max residual degree,-1,14,67,-1
san400_0.7_3,400,55860,Ruin_Recreate,Max residual degree,-1,15,69,-1
san400_0.7_3,400,55860,N2_Pair_Fallback,Last,-1,15,104,-1
san400_0.7_3,400,55860,N2_Pair_Fallback,Max residual degree,-1,14,105,-1
san400_0.7_3,400,55860,N3_Triple,First,-1,13,1128,-1
san400_0.7_3,400,55860,N3_Triple,Random,-1,13,1129,-1
san400_0.7_3,400,55860,N3_Triple,Last,-1,13,1148,-1
san400_0.7_3,400,55860,N3_Triple,Max residual degree,-1,13,1165,-1
san400_0.9_1,400,71820,N1_Greedy,First,-1,35,0,-1
san400_0.9_1,400,71820,N1_Greedy,Last,-1,45,0,-1
san400_0.9_1,400,71820,N1_Greedy,Random,-1,45,1,-1
san400_0.9_1,400,71820,Ruin_Recreate,First,-1,35,6,-1
san400_0.9_1,400,71820,Ruin_Recreate,Random,-1,51,13,-1
san400_0.9_1,400,71820,Ruin_Recreate,Last,-1,45,14,-1
san400_0.9_1,400,71820,N1_Greedy,Max residual degree,-1,91,223,-1
san400_0.9_1,400,71820,N2_Pair_Fallback,First,-1,82,239,-1
san400_0.9_1,400,71820,N2_Pair_Fallback,Random,-1,82,255,-1
san400_0.9_1,400,71820,N2_Pair_Fallback,Last,-1,82,281,-1
san400_0.9_1,400,71820,N2_Pair_Fallback,Max residual degree,-1,82,293,-1
san400_0.9_1,400,71820,Ruin_Recreate,Max residual degree,-1,99,485,-1
san400_0.9_1,400,71820,N3_Triple,Max residual degree,-1,78,3580,-1
san400_0.9_1,400,71820,N3_Triple,Random,-1,78,3581,-1
san400_0.9_1,400,71820,N3_Triple,First,-1,78,3600,-1
san400_0.9_1,400,71820,N3_Triple,Last,-1,78,3694,-1
sanr200_0.7,200,13868,N1_Greedy,First,-1,13,0,-1
sanr200_0.7,200,13868,Ruin_Recreate,First,-1,13,0,-1
sanr200_0.7,200,13868,N1_Greedy,Last,-1,12,0,-1
sanr200_0.7,200,13868,N1_Greedy,Random,-1,11,0,-1
sanr200_0.7,200,13868,Ruin_Recreate,Random,-1,16,0,-1
sanr200_0.7,200,13868,Ruin_Recreate,Last,-1,12,0,-1
sanr200_0.7,200,13868,N2_Pair_Fallback,Last,-1,15,12,-1
sanr200_0.7,200,13868,N2_Pair_Fallback,First,-1,15,22,-1
sanr200_0.7,200,13868,N1_Greedy,Max residual degree,-1,14,22,-1
sanr200_0.7,200,13868,N2_Pair_Fallback,Random,-1,15,23,-1
sanr200_0.7,200,13868,N2_Pair_Fallback,Max residual degree,-1,14,26,-1
sanr200_0.7,200,13868,Ruin_Recreate,Max residual degree,-1,16,26,-1
sanr200_0.7,200,13868,N3_Triple,First,-1,15,129,-1
sanr200_0.7,200,13868,N3_Triple,Last,-1,15,134,-1
sanr200_0.7,200,13868,N3_Triple,Max residual degree,-1,15,148,-1
sanr200_0.7,200,13868,N3_Triple,Random,-1,15,151,-1
sanr200_0.9,200,17863,N1_Greedy,First,-1,29,0,-1
sanr200_0.9,200,17863,N1_Greedy,Random,-1,33,0,-1
sanr200_0.9,200,17863,Ruin_Recreate,Random,-1,32,3,-1
sanr200_0.9,200,17863,Ruin_Recreate,First,-1,29,5,-1
sanr200_0.9,200,17863,Ruin_Recreate,Last,-1,32,5,-1
sanr200_0.9,200,17863,N1_Greedy,Last,-1,32,1,-1
sanr200_0.9,200,17863,N2_Pair_Fallback,First,-1,40,22,-1
sanr200_0.9,200,17863,N2_Pair_Fallback,Last,-1,40,41,-1
sanr200_0.9,200,17863,Ruin_Recreate,Max residual degree,-1,39,52,-1
sanr200_0.9,200,17863,N2_Pair_Fallback,Random,-1,40,57,-1
sanr200_0.9,200,17863,N2_Pair_Fallback,Max residual degree,-1,40,65,-1
sanr200_0.9,200,17863,N1_Greedy,Max residual degree,-1,36,73,-1
sanr200_0.9,200,17863,N3_Triple,Last,-1,38,402,-1
sanr200_0.9,200,17863,N3_Triple,Random,-1,38,423,-1
sanr200_0.9,200,17863,N3_Triple,Max residual degree,-1,38,423,-1
sanr200_0.9,200,17863,N3_Triple,First,-1,38,430,-1
sanr400_0.5,400,39984,N1_Greedy,First,-1,8,0,-1
sanr400_0.5,400,39984,Ruin_Recreate,First,-1,8,0,-1
sanr400_0.5,400,39984,N1_Greedy,Last,-1,10,0,-1
sanr400_0.5,400,39984,N1_Greedy,Random,-1,8,0,-1
sanr400_0.5,400,39984,Ruin_Recreate,Random,-1,10,0,-1
sanr400_0.5,400,39984,Ruin_Recreate,Last,-1,10,0,-1
sanr400_0.5,400,39984,N2_Pair_Fallback,Last,-1,11,21,-1
sanr400_0.5,400,39984,N2_Pair_Fallback,First,-1,11,22,-1
sanr400_0.5,400,39984,Ruin_Recreate,Max residual degree,-1,10,32,-1
sanr400_0.5,400,39984,N2_Pair_Fallback,Max residual degree,-1,10,56,-1
sanr400_0.5,400,39984,N2_Pair_Fallback,Random,-1,11,61,-1
sanr400_0.5,400,39984,N1_Greedy,Max residual degree,-1,10,60,-1
sanr400_0.5,400,39984,N3_Triple,Max residual degree,-1,10,618,-1
sanr400_0.5,400,39984,N3_Triple,Random,-1,10,632,-1
sanr400_0.5,400,39984,N3_Triple,Last,-1,10,644,-1
sanr400_0.5,400,39984,N3_Triple,First,-1,10,646,-1
sanr400_0.7,400,55869,N1_Greedy,First,-1,15,0,-1
sanr400_0.7,400,55869,Ruin_Recreate,First,-1,15,0,-1
sanr400_0.7,400,55869,N1_Greedy,Random,-1,15,0,-1
sanr400_0.7,400,55869,N1_Greedy,Last,-1,16,0,-1
sanr400_0.7,400,55869,Ruin_Recreate,Last,-1,16,0,-1
sanr400_0.7,400,55869,Ruin_Recreate,Random,-1,17,2,-1
sanr400_0.7,400,55869,N2_Pair_Fallback,Last,-1,18,57,-1
sanr400_0.7,400,55869,N2_Pair_Fallback,First,-1,18,60,-1
sanr400_0.7,400,55869,N2_Pair_Fallback,Max residual degree,-1,18,57,-1
sanr400_0.7,400,55869,Ruin_Recreate,Max residual degree,-1,19,66,-1
sanr400_0.7,400,55869,N2_Pair_Fallback,Random,-1,18,105,-1
sanr400_0.7,400,55869,N1_Greedy,Max residual degree,-1,17,107,-1
sanr400_0.7,400,55869,N3_Triple,Last,-1,18,1052,-1
sanr400_0.7,400,55869,N3_Triple,Random,-1,18,1054,-1
sanr400_0.7,400,55869,N3_Triple,Max residual degree,-1,18,1074,-1
sanr400_0.7,400,55869,N3_Triple,First,-1,18,1104,-1
